"sample/44/1","1",
"sample/44/0",
"sample/44/7",
"sample/44/6",
"sample/44/8",
"sample/44/2",
"sample/44/5",
"sample/46/104",
"sample/46/103",
"sample/46/105",
"sample/46/102",
"sample/46/101",
"sample/46/107",
"sample/45/308",
"sample/45/307",
"sample/45/306",
"sample/201/32",
"sample/45/304",
"sample/201/34",
"sample/45/303",
"sample/45/302",
"sample/45/301",
"sample/45/300",
"sample/46/4",
"sample/46/1",
"sample/46/0",
"sample/46/3",
"sample/46/2",
"sample/201/20",
"sample/201/14",
"sample/201/17",
"sample/201/19",
"sample/201/31",
"sample/201/22",
"sample/201/24",
"sample/201/25",
"sample/201/27",
"sample/201/28",
"sample/201/29",
"sample/46/159",
"sample/45/36",
"sample/46/158",
"sample/45/37",
"sample/43/97",
"sample/45/38",
"sample/45/39",
"sample/45/32",
"sample/46/154",
"sample/45/33",
"sample/46/157",
"sample/45/34",
"sample/45/35",
"sample/46/151",
"sample/43/91",
"sample/46/150",
"sample/43/90",
"sample/46/153",
"sample/45/30",
"sample/45/31",
"sample/43/95",
"sample/43/94",
"sample/43/93",
"sample/45/109",
"sample/43/92",
"sample/45/108",
"sample/45/107",
"sample/45/106",
"sample/45/105",
"sample/45/103",
"sample/45/344",
"sample/45/343",
"sample/45/101",
"sample/45/100",
"sample/45/342",
"sample/45/341",
"sample/45/340",
"sample/45/47",
"sample/46/169",
"sample/45/49",
"sample/46/166",
"sample/45/43",
"sample/45/44",
"sample/45/45",
"sample/45/46",
"sample/46/162",
"sample/46/161",
"sample/45/40",
"sample/45/41",
"sample/45/42",
"sample/46/160",
"sample/45/339",
"sample/45/336",
"sample/45/335",
"sample/45/333",
"sample/45/331",
"sample/45/330",
"sample/45/58",
"sample/45/59",
"sample/45/54",
"sample/45/55",
"sample/46/179",
"sample/45/50",
"sample/46/172",
"sample/45/51",
"sample/46/175",
"sample/46/174",
"sample/45/53",
"sample/45/329",
"sample/46/170",
"sample/45/328",
"sample/45/327",
"sample/45/323",
"sample/45/320",
"sample/45/69",
"sample/46/188",
"sample/45/65",
"sample/46/187",
"sample/45/66",
"sample/45/67",
"sample/45/68",
"sample/46/184",
"sample/45/61",
"sample/46/183",
"sample/45/62",
"sample/46/186",
"sample/45/63",
"sample/45/64",
"sample/46/180",
"sample/45/319",
"sample/46/182",
"sample/46/181",
"sample/45/317",
"sample/45/60",
"sample/45/315",
"sample/45/314",
"sample/45/313",
"sample/45/312",
"sample/45/310",
"sample/46/115",
"sample/44/109",
"sample/46/116",
"sample/45/76",
"sample/46/110",
"sample/45/77",
"sample/45/78",
"sample/46/112",
"sample/45/79",
"sample/43/303",
"sample/45/72",
"sample/43/302",
"sample/45/73",
"sample/43/301",
"sample/45/74",
"sample/43/300",
"sample/45/75",
"sample/43/307",
"sample/43/306",
"sample/43/305",
"sample/45/70",
"sample/43/304",
"sample/45/71",
"sample/43/309",
"sample/45/149",
"sample/43/308",
"sample/45/148",
"sample/44/100",
"sample/45/145",
"sample/44/101",
"sample/44/104",
"sample/45/141",
"sample/44/103",
"sample/45/140",
"sample/44/106",
"sample/44/105",
"sample/44/107",
"sample/46/126",
"sample/46/125",
"sample/46/127",
"sample/46/122",
"sample/45/87",
"sample/46/121",
"sample/45/88",
"sample/45/89",
"sample/45/83",
"sample/45/84",
"sample/45/85",
"sample/45/86",
"sample/45/80",
"sample/45/81",
"sample/45/82",
"sample/45/136",
"sample/46/129",
"sample/46/137",
"sample/46/133",
"sample/45/99",
"sample/45/94",
"sample/45/95",
"sample/46/131",
"sample/45/96",
"sample/45/97",
"sample/45/92",
"sample/45/93",
"sample/45/127",
"sample/45/124",
"sample/45/120",
"sample/46/148",
"sample/46/147",
"sample/46/143",
"sample/46/145",
"sample/46/140",
"sample/46/142",
"sample/45/117",
"sample/45/115",
"sample/45/114",
"sample/45/112",
"sample/45/111",
"sample/45/110",
"sample/43/11",
"sample/43/10",
"sample/43/222",
"sample/43/15",
"sample/43/14",
"sample/43/221",
"sample/43/220",
"sample/43/226",
"sample/43/225",
"sample/43/224",
"sample/43/229",
"sample/43/228",
"sample/43/227",
"sample/43/19",
"sample/43/18",
"sample/43/17",
"sample/43/22",
"sample/43/21",
"sample/43/20",
"sample/43/26",
"sample/43/25",
"sample/43/210",
"sample/43/24",
"sample/43/23",
"sample/43/215",
"sample/43/214",
"sample/43/213",
"sample/43/212",
"sample/43/219",
"sample/43/216",
"sample/45/299",
"sample/45/298",
"sample/43/29",
"sample/43/28",
"sample/45/295",
"sample/43/27",
"sample/45/294",
"sample/45/293",
"sample/45/292",
"sample/45/290",
"sample/43/31",
"sample/43/37",
"sample/43/200",
"sample/43/36",
"sample/43/35",
"sample/43/34",
"sample/43/202",
"sample/43/208",
"sample/43/207",
"sample/43/206",
"sample/43/209",
"sample/45/289",
"sample/45/288",
"sample/45/287",
"sample/45/286",
"sample/45/285",
"sample/43/38",
"sample/45/283",
"sample/45/282",
"sample/45/281",
"sample/43/44",
"sample/43/43",
"sample/43/42",
"sample/43/48",
"sample/43/45",
"sample/43/40",
"sample/45/279",
"sample/45/278",
"sample/45/277",
"sample/45/275",
"sample/45/273",
"sample/43/49",
"sample/45/272",
"sample/45/271",
"sample/45/270",
"sample/43/262",
"sample/43/55",
"sample/43/54",
"sample/43/261",
"sample/43/53",
"sample/43/59",
"sample/43/266",
"sample/43/265",
"sample/43/264",
"sample/43/57",
"sample/43/263",
"sample/43/56",
"sample/43/269",
"sample/43/268",
"sample/43/51",
"sample/43/50",
"sample/43/251",
"sample/43/250",
"sample/43/65",
"sample/43/63",
"sample/43/69",
"sample/43/254",
"sample/43/253",
"sample/43/67",
"sample/43/252",
"sample/43/259",
"sample/43/258",
"sample/43/257",
"sample/43/256",
"sample/43/62",
"sample/43/60",
"sample/43/240",
"sample/43/77",
"sample/45/14",
"sample/45/15",
"sample/43/75",
"sample/45/16",
"sample/43/74",
"sample/45/17",
"sample/43/244",
"sample/43/243",
"sample/43/79",
"sample/43/242",
"sample/45/12",
"sample/43/248",
"sample/43/247",
"sample/43/246",
"sample/43/245",
"sample/43/72",
"sample/43/71",
"sample/45/19",
"sample/43/88",
"sample/45/25",
"sample/45/26",
"sample/45/27",
"sample/43/85",
"sample/45/28",
"sample/43/233",
"sample/45/21",
"sample/43/232",
"sample/45/22",
"sample/45/23",
"sample/43/230",
"sample/43/89",
"sample/45/24",
"sample/43/237",
"sample/43/235",
"sample/43/234",
"sample/45/20",
"sample/43/84",
"sample/43/82",
"sample/43/238",
"sample/45/29",
"sample/43/295",
"sample/43/294",
"sample/43/293",
"sample/43/292",
"sample/43/299",
"sample/43/298",
"sample/43/296",
"sample/43/284",
"sample/43/283",
"sample/43/282",
"sample/43/288",
"sample/43/287",
"sample/43/286",
"sample/43/285",
"sample/43/289",
"sample/43/291",
"sample/43/290",
"sample/43/273",
"sample/43/272",
"sample/43/271",
"sample/43/270",
"sample/43/277",
"sample/43/276",
"sample/43/275",
"sample/43/274",
"sample/43/279",
"sample/43/280",
"sample/46/88",
"sample/46/84",
"sample/46/85",
"sample/46/86",
"sample/46/87",
"sample/46/83",
"sample/46/99",
"sample/46/96",
"sample/46/92",
"sample/46/94",
"sample/202/30",
"sample/202/32",
"sample/202/31",
"sample/202/23",
"sample/202/25",
"sample/202/24",
"sample/202/27",
"sample/202/29",
"sample/202/28",
"sample/202/36",
"sample/43/2",
"sample/202/35",
"sample/43/1",
"sample/202/37",
"sample/43/8",
"sample/43/9",
"sample/43/3",
"sample/43/6",
"sample/43/5",
"sample/202/10",
"sample/202/12",
"sample/202/11",
"sample/202/14",
"sample/202/16",
"sample/202/18",
"sample/202/17",
"sample/45/6",
"sample/45/5",
"sample/45/7",
"sample/45/2",
"sample/45/1",
"sample/45/4",
"sample/45/3",
"sample/44/67",
"sample/44/66",
"sample/44/65",
"sample/44/69",
"sample/44/60",
"sample/45/229",
"sample/45/228",
"sample/45/226",
"sample/45/224",
"sample/202/8",
"sample/45/222",
"sample/45/221",
"sample/202/5",
"sample/202/7",
"sample/202/1",
"sample/46/15",
"sample/44/75",
"sample/46/11",
"sample/46/13",
"sample/44/79",
"sample/46/14",
"sample/44/70",
"sample/46/10",
"sample/44/74",
"sample/44/73",
"sample/44/72",
"sample/45/218",
"sample/45/216",
"sample/45/214",
"sample/45/213",
"sample/45/212",
"sample/45/211",
"sample/46/26",
"sample/44/88",
"sample/44/87",
"sample/46/28",
"sample/44/86",
"sample/46/23",
"sample/44/81",
"sample/44/80",
"sample/46/21",
"sample/44/84",
"sample/45/209",
"sample/44/83",
"sample/45/208",
"sample/44/82",
"sample/45/207",
"sample/45/206",
"sample/45/205",
"sample/45/202",
"sample/45/200",
"sample/44/99",
"sample/44/98",
"sample/46/33",
"sample/46/34",
"sample/46/35",
"sample/46/36",
"sample/46/30",
"sample/44/90",
"sample/46/31",
"sample/44/94",
"sample/44/93",
"sample/46/48",
"sample/46/44",
"sample/46/40",
"sample/46/42",
"sample/46/43",
"sample/45/268",
"sample/45/267",
"sample/45/266",
"sample/45/265",
"sample/45/264",
"sample/45/261",
"sample/45/260",
"sample/46/59",
"sample/46/56",
"sample/46/57",
"sample/46/52",
"sample/45/259",
"sample/45/257",
"sample/45/256",
"sample/44/210",
"sample/45/254",
"sample/45/250",
"sample/44/209",
"sample/44/208",
"sample/46/68",
"sample/46/62",
"sample/46/64",
"sample/46/61",
"sample/45/249",
"sample/45/248",
"sample/45/247",
"sample/45/246",
"sample/45/243",
"sample/44/201",
"sample/45/242",
"sample/44/200",
"sample/45/241",
"sample/44/203",
"sample/44/202",
"sample/44/204",
"sample/44/207",
"sample/44/206",
"sample/46/77",
"sample/46/78",
"sample/46/73",
"sample/45/239",
"sample/45/237",
"sample/45/236",
"sample/45/235",
"sample/45/233",
"sample/45/190",
"sample/43/101",
"sample/43/104",
"sample/43/103",
"sample/43/102",
"sample/43/107",
"sample/43/106",
"sample/44/141",
"sample/44/144",
"sample/44/143",
"sample/45/188",
"sample/44/146",
"sample/45/187",
"sample/44/145",
"sample/45/186",
"sample/44/148",
"sample/45/185",
"sample/45/184",
"sample/45/183",
"sample/45/182",
"sample/44/130",
"sample/44/133",
"sample/44/132",
"sample/44/135",
"sample/44/134",
"sample/45/175",
"sample/45/174",
"sample/45/173",
"sample/44/139",
"sample/44/138",
"sample/45/170",
"sample/44/120",
"sample/45/169",
"sample/44/122",
"sample/45/166",
"sample/45/165",
"sample/44/123",
"sample/44/126",
"sample/45/163",
"sample/44/125",
"sample/45/162",
"sample/44/128",
"sample/45/161",
"sample/44/11",
"sample/44/15",
"sample/44/14",
"sample/43/312",
"sample/43/311",
"sample/45/159",
"sample/45/158",
"sample/45/157",
"sample/44/111",
"sample/44/19",
"sample/44/112",
"sample/44/17",
"sample/44/114",
"sample/44/117",
"sample/45/150",
"sample/44/116",
"sample/44/119",
"sample/44/118",
"sample/44/23",
"sample/43/141",
"sample/43/140",
"sample/44/21",
"sample/44/27",
"sample/43/145",
"sample/46/198",
"sample/44/25",
"sample/43/143",
"sample/44/24",
"sample/43/142",
"sample/43/149",
"sample/46/194",
"sample/46/197",
"sample/43/147",
"sample/44/191",
"sample/44/190",
"sample/44/182",
"sample/44/181",
"sample/44/184",
"sample/44/183",
"sample/44/186",
"sample/44/185",
"sample/44/188",
"sample/44/189",
"sample/44/34",
"sample/43/130",
"sample/44/32",
"sample/44/31",
"sample/44/38",
"sample/43/134",
"sample/44/37",
"sample/44/35",
"sample/43/131",
"sample/43/137",
"sample/43/136",
"sample/43/135",
"sample/44/180",
"sample/43/139",
"sample/44/171",
"sample/44/170",
"sample/44/173",
"sample/44/172",
"sample/44/175",
"sample/44/174",
"sample/44/176",
"sample/44/178",
"sample/44/39",
"sample/44/45",
"sample/44/44",
"sample/44/43",
"sample/201/0",
"sample/44/42",
"sample/44/49",
"sample/43/123",
"sample/44/48",
"sample/43/127",
"sample/43/126",
"sample/43/125",
"sample/43/124",
"sample/44/41",
"sample/44/40",
"sample/43/129",
"sample/43/128",
"sample/44/162",
"sample/44/161",
"sample/44/164",
"sample/44/163",
"sample/44/166",
"sample/44/165",
"sample/44/168",
"sample/201/6",
"sample/201/5",
"sample/44/169",
"sample/44/56",
"sample/44/55",
"sample/44/54",
"sample/44/53",
"sample/43/112",
"sample/43/111",
"sample/44/58",
"sample/43/116",
"sample/43/115",
"sample/43/113",
"sample/44/52",
"sample/43/119",
"sample/43/118",
"sample/44/151",
"sample/44/153",
"sample/44/152",
"sample/44/154",
"sample/45/199",
"sample/44/157",
"sample/45/198",
"sample/44/159",
"sample/45/196",
"sample/44/158",
"sample/45/195",
"sample/45/194",
"sample/45/192",
"sample/45/191",
"sample/43/185",
"sample/43/184",
"sample/43/189",
"sample/43/188",
"sample/43/186",
"sample/43/191",
"sample/43/190",
"sample/43/173",
"sample/43/172",
"sample/43/171",
"sample/43/177",
"sample/43/175",
"sample/43/181",
"sample/43/180",
"sample/43/163",
"sample/43/162",
"sample/43/161",
"sample/43/160",
"sample/43/166",
"sample/43/165",
"sample/43/169",
"sample/43/170",
"sample/43/152",
"sample/43/150",
"sample/43/156",
"sample/43/157",
"sample/44/192",
"sample/44/194",
"sample/44/197",
"sample/44/196",
"sample/44/199",
"sample/44/198",
"sample/43/196",
"sample/43/195",
"sample/43/194",
"sample/43/193",
"sample/43/199",
"sample/43/198",
"sample/43/197",
